{
  "id": "",
  "name": "",
  "font_family": "iconfont",
  "css_prefix_text": "icon-",
  "description": "",
  "glyphs": [
    {
      "icon_id": "1201832",
      "name": "周边网点",
      "font_class": "zhoubianwangdian",
      "unicode": "e603",
      "unicode_decimal": 58883
    },
    {
      "icon_id": "2151950",
      "name": "排行榜",
      "font_class": "paihangbang",
      "unicode": "e612",
      "unicode_decimal": 58898
    },
    {
      "icon_id": "3555646",
      "name": "论坛资讯",
      "font_class": "luntanzixun",
      "unicode": "e613",
      "unicode_decimal": 58899
    },
    {
      "icon_id": "3900232",
      "name": "新闻",
      "font_class": "xinwen",
      "unicode": "e60d",
      "unicode_decimal": 58893
    },
    {
      "icon_id": "8138377",
      "name": "日历",
      "font_class": "CALENDAR",
      "unicode": "e601",
      "unicode_decimal": 58881
    },
    {
      "icon_id": "9229797",
      "name": "话题",
      "font_class": "huaban",
      "unicode": "e67d",
      "unicode_decimal": 59005
    },
    {
      "icon_id": "9687062",
      "name": "热卖",
      "font_class": "remai",
      "unicode": "e62e",
      "unicode_decimal": 58926
    },
    {
      "icon_id": "9797509",
      "name": "抽奖",
      "font_class": "hebingxingzhuang",
      "unicode": "e63c",
      "unicode_decimal": 58940
    },
    {
      "icon_id": "12243299",
      "name": "球鞋",
      "font_class": "qiuxie",
      "unicode": "e61b",
      "unicode_decimal": 58907
    }
  ]
}
